[
	{
		"Key": 1.0,
		"Msg": "今天天气好不好？"
	}, {
		"Key": 2.0,
		"Msg": "黄河是中国的第二长河。它发源于青海省，向东流入渤海，全长五千四百六十四公里。"
	}, {
		"Key": 3.0,
		"Msg": "杰克每次给同学打电话，总爱东拉西扯，既浪费时间，又影响别人通话。"
	}, {
		"Key": 4.0,
		"Msg": "新春佳节，中国人家家户户张贴大红春联，给节日增添了欢乐祥和的气氛。"
	}, {
		"Key": 5.0,
		"Msg": "赛龙舟那热烈的气氛，壮阔的场面，太使人激动了。 "
	}, {
		"Key": 6.0,
		"Msg": "我在中文学校学习。老师教我们说汉语，写汉字，读儿歌。我喜欢学中文。"
	}, {
		"Key": 7.0,
		"Msg": "在中国历史上， 唐代是很繁荣很富强的，所以海外华侨和华人常常把自己叫做“唐人”；“唐人”集中生活的地方就叫“唐人街”。"
	}, {
		"Key": 8.0,
		"Msg": "卓别林出生在英国，后来在美国生活、工作，是世界闻名的喜剧大师。"
	}, {
		"Key": 9.0,
		"Msg": "时间是一切财富中最宝贵的财富。"
	}, {
		"Key": 10.0,
		"Msg": "理想是人生的太阳。"
	}, {
		"Key": 11.0,
		"Msg": "这世界要是没有爱情，它在我们心中还会有什么意义！这就如一盏没有亮光的走马灯。"
	}, {
		"Key": 12.0,
		"Msg": "没有人不爱惜他的生命，但很少人珍视他的时间。"
	}, {
		"Key": 13.0,
		"Msg": "桌子上有水果和点心，还有一瓶水和两个鸡蛋。"
	}
]
